id,edad,califica_presidente,califica_gobernador,distance_km,RBC,JDM,Nose,Ninguno,VGH,Tina,NSE,DF
295,18,10,8,178.7915623,1,0,0,0,0,0,D,1
21,75,10,8,35.12011724,0,1,0,0,0,0,D,2
279,50,10,8,178.7011829,0,1,0,0,0,0,D,1
39,74,10,5,35.15555406,0,1,0,0,0,0,D,2
69,53,10,7,26.7956402,0,1,0,0,0,0,D,5
68,33,10,10,26.85938211,1,0,0,0,0,0,D,5
85,48,10,5,37.42691677,0,0,0,1,0,0,D,2
94,49,10,6,37.46141514,0,1,0,0,0,0,D,2
110,44,10,7,37.36929388,0,1,0,0,0,0,D,2
53,51,10,10,26.80733473,1,0,0,0,0,0,D,5
52,60,10,7,26.79498093,0,1,0,0,0,0,D,5
55,45,10,6,26.79515332,0,1,0,0,0,0,D,5
139,69,10,1,16.21111857,0,1,0,0,0,0,D,5
140,59,10,5,16.22020261,0,1,0,0,0,0,D,5
142,23,10,8,16.16821976,1,0,0,0,0,0,D,5
67,59,10,10,26.82012268,0,0,0,1,0,0,D,5
440,42,10,9,7.071952502,0,1,0,0,0,0,D,6
165,37,10,1,63.98561873,0,1,0,0,0,0,D,5
439,23,10,8,7.050569466,0,1,0,0,0,0,D,6
190,45,10,10,153.573717,0,1,0,0,0,0,D,1
197,20,10,10,153.771686,1,0,0,0,0,0,D,1
211,35,10,5,153.8765023,0,1,0,0,0,0,D,1
212,45,10,6,153.7668717,0,1,0,0,0,0,D,1
222,60,10,6,153.6486589,0,0,0,0,1,0,D,1
393,70,10,8,6.972699016,0,1,0,0,0,0,D,6
397,65,10,10,7.869009792,0,1,0,0,0,0,D,6
436,26,10,1,8.073328359,0,1,0,0,0,0,D,6
437,58,10,10,8.090256724,1,0,0,0,0,0,D,6
432,75,10,5,8.043358497,0,1,0,0,0,0,D,6
407,45,10,8,7.893153205,0,1,0,0,0,0,D,6
412,40,10,9,7.88528628,0,1,0,0,0,0,D,6
305,20,10,10,91.43152206,0,0,1,0,0,0,D,5
408,32,10,6,8.013438304,0,1,0,0,0,0,D,6
383,72,10,9,8.035857332,0,1,0,0,0,0,D,6
421,58,10,1,8.219886642,0,1,0,0,0,0,D,6
323,37,10,10,152.0027424,1,0,0,0,0,0,D,1
419,22,10,10,8.172425761,1,0,0,0,0,0,D,6
327,35,10,8,152.041815,0,1,0,0,0,0,D,1
332,60,10,1,151.8713595,0,1,0,0,0,0,D,1
334,24,10,10,151.8818957,0,1,0,0,0,0,D,1
390,67,10,8,7.969781177,0,1,0,0,0,0,D,6
410,62,10,6,7.955066297,0,1,0,0,0,0,D,6
386,68,10,10,7.980616221,1,0,0,0,0,0,D,6
351,56,10,9,151.8135533,0,0,1,0,0,0,D,1
354,18,10,5,151.7849138,0,1,0,0,0,0,D,1
363,33,10,5,152.0023282,0,1,0,0,0,0,D,1
365,45,10,5,152.0700759,0,1,0,0,0,0,D,1
380,41,10,5,151.855133,0,1,0,0,0,0,D,1
853,54,10,8,2.029780007,0,1,0,0,0,0,D,3
647,35,10,8,4.096871979,0,1,0,0,0,0,D,6
706,36,10,5,4.298472381,0,0,1,0,0,0,D,6
690,19,10,10,5.09952135,1,0,0,0,0,0,D,6
626,68,10,1,6.009243149,0,1,0,0,0,0,D,3
630,53,10,9,5.969843256,0,0,0,0,1,0,D,3
34,74,10,5,35.19380433,0,0,1,0,0,0,D,2
109,69,10,10,16.42130183,0,1,0,0,0,0,D,5
116,61,10,8,37.2102433,0,1,0,0,0,0,D,2
637,88,10,6,4.083029122,0,1,0,0,0,0,D,6
638,55,10,5,4.172012128,0,1,0,0,0,0,D,6
174,39,10,8,64.74894931,1,0,0,0,0,0,D,5
867,42,10,5,2.930211152,0,1,0,0,0,0,D,3
863,73,10,1,2.947010977,0,1,0,0,0,0,D,3
275,35,10,8,91.35321097,0,0,1,0,0,0,D,5
450,38,10,5,5.612122399,0,1,0,0,0,0,D,6
300,63,10,7,91.2764958,0,1,0,0,0,0,D,5
304,46,10,8,91.35598897,1,0,0,0,0,0,D,5
820,24,10,5,7.814402082,0,0,1,0,0,0,D,3
322,50,10,8,151.9304445,0,1,0,0,0,0,D,1
325,76,10,10,151.8160381,0,1,0,0,0,0,D,1
336,33,10,2,151.910363,0,0,1,0,0,0,D,1
821,20,10,8,7.814402082,0,1,0,0,0,0,D,3
338,66,10,10,151.9055093,0,1,0,0,0,0,D,1
824,55,10,9,7.803552978,0,1,0,0,0,0,D,3
339,34,10,8,152.0851156,0,1,0,0,0,0,D,1
352,29,10,5,151.8016216,0,0,1,0,0,0,D,1
772,65,10,7,8.238064128,0,1,0,0,0,0,D,3
775,44,10,8,8.314034865,1,0,0,0,0,0,D,3
356,26,10,9,151.752626,0,1,0,0,0,0,D,1
106,52,10,10,16.40010084,0,1,0,0,0,0,D,5
920,52,10,1,6.374154482,0,1,0,0,0,0,D,3
921,48,10,8,6.403885035,1,0,0,0,0,0,D,3
148,62,10,9,63.90618231,1,0,0,0,0,0,D,5
169,75,10,1,64.80615215,0,1,0,0,0,0,D,5
203,35,10,5,153.3052124,0,1,0,0,0,0,D,1
532,65,10,1,6.885516112,0,1,0,0,0,0,D,6
879,44,10,9,3.102931311,0,1,0,0,0,0,D,3
886,41,10,1,3.107323312,0,1,0,0,0,0,D,3
888,56,10,7,3.070340437,0,1,0,0,0,0,D,3
889,65,10,5,3.02750838,0,1,0,0,0,0,D,3
919,18,10,8,6.364101417,0,1,0,0,0,0,D,3
150,66,10,8,63.91057087,1,0,0,0,0,0,D,5
736,35,10,10,5.761416524,0,1,0,0,0,0,D,3
228,65,10,8,153.2846003,0,1,0,0,0,0,D,1
738,52,10,10,5.761162532,0,1,0,0,0,0,D,3
737,45,10,6,5.752097114,0,1,0,0,0,0,D,3
740,40,10,5,5.756032958,0,0,1,0,0,0,D,3
735,32,10,5,5.738980794,0,1,0,0,0,0,D,3
240,70,10,10,76.64524152,0,1,0,0,0,0,D,5
787,33,10,8,8.204201872,0,1,0,0,0,0,D,3
793,59,10,5,8.209371748,0,1,0,0,0,0,D,3
375,57,10,10,151.850744,0,1,0,0,0,0,D,1
379,61,10,10,152.0066416,0,1,0,0,0,0,D,1
146,21,10,10,63.91428429,0,1,0,0,0,0,D,5
187,62,10,5,64.86653255,0,0,1,0,0,0,D,5
196,54,10,10,153.7596273,0,1,0,0,0,0,D,1
198,24,10,10,153.8091862,1,0,0,0,0,0,D,1
217,31,10,8,153.202574,0,1,0,0,0,0,D,1
221,42,10,8,153.6546899,0,1,0,0,0,0,D,1
223,64,10,6,153.6484322,0,1,0,0,0,0,D,1
281,27,10,10,91.33665141,1,0,0,0,0,0,D,5
751,65,10,10,6.137640671,1,0,0,0,0,0,D,3
331,55,10,9,151.8505002,0,1,0,0,0,0,D,1
755,28,10,8,6.285299902,0,1,0,0,0,0,D,3
12,99,10,7,35.21647688,0,1,0,0,0,0,D,2
40,36,10,6,35.18100737,0,0,1,0,0,0,D,2
89,36,10,10,37.35888253,1,0,0,0,0,0,D,2
96,56,10,9,16.28602248,1,0,0,0,0,0,D,5
124,45,10,8,16.17661915,0,1,0,0,0,0,D,5
171,60,10,7,64.8576915,0,1,0,0,0,0,D,5
180,58,10,10,63.91598299,0,1,0,0,0,0,D,5
185,43,10,10,64.81732261,1,0,0,0,0,0,D,5
186,62,10,10,64.85611079,0,1,0,0,0,0,D,5
193,65,10,6,153.5697836,0,1,0,0,0,0,D,1
264,66,10,7,76.74630151,0,1,0,0,0,0,D,5
335,66,10,6,151.8998425,0,1,0,0,0,0,D,1
340,35,10,10,151.7906864,1,0,0,0,0,0,D,1
575,21,10,5,8.189825041,1,0,0,0,0,0,D,4
357,27,10,8,151.7296747,0,1,0,0,0,0,D,1
378,49,10,8,152.0662243,0,1,0,0,0,0,D,1
926,53,10,5,7.26004493,0,0,1,0,0,0,D,3
858,63,10,1,8.18012318,0,1,0,0,0,0,D,4
795,45,10,9,8.260573777,0,1,0,0,0,0,D,3
789,57,10,1,8.33939537,0,1,0,0,0,0,D,3
790,52,10,10,8.355966326,1,0,0,0,0,0,D,3
481,63,10,7,10.06940092,0,1,0,0,0,0,D,4
745,62,10,1,15.64600504,0,1,0,0,0,0,D,4
748,68,10,10,15.65511953,0,1,0,0,0,0,D,4
877,50,10,1,12.47844535,0,1,0,0,0,0,D,4
884,60,10,2,12.44477366,0,0,1,0,0,0,D,4
870,32,10,10,12.48129699,0,0,1,0,0,0,D,4
769,46.62189616,10,10,11.1384165,1,0,0,0,0,0,D,4
765,38,10,1,11.13006556,0,0,0,1,0,0,D,4
95,70,10,10,16.22421211,1,0,0,0,0,0,C-,5
214,35,10,7,153.7232819,1,0,0,0,0,0,E,1
216,40,10,6,153.6900788,0,1,0,0,0,0,E,1
253,45,10,8,76.42920118,0,1,0,0,0,0,C,5
262,74,10,8,76.71976942,0,1,0,0,0,0,C+,5
851,99,10,7,2.094884586,0,1,0,0,0,0,C-,3
606,67,10,8,6.062314968,0,0,0,1,0,0,C-,3
907,57,10,6,5.578001811,0,1,0,0,0,0,C+,4
79,32,10,1,16.30458322,0,0,0,0,1,0,C-,5
904,56,10,4,5.501883238,0,1,0,0,0,0,E,4
635,35,10,8,4.694881191,0,1,0,0,0,0,C-,6
633,73,10,2,4.702718226,0,1,0,0,0,0,C-,6
128,65,10,8,16.38125238,0,1,0,0,0,0,C-,5
640,26,10,7,5.271803498,0,0,1,0,0,0,D+,6
664,54,10,6,4.849610158,0,1,0,0,0,0,D+,6
153,38,10,8,153.4961903,1,0,0,0,0,0,E,1
645,64,10,9,5.46706264,0,1,0,0,0,0,C-,6
162,36,10,5,16.42278816,1,0,0,0,0,0,C-,5
168,72,10,8,153.4987299,1,0,0,0,0,0,E,1
716,25,10,1,4.706564851,0,0,1,0,0,0,N/D,6
848,52,10,4,3.006748353,0,1,0,0,0,0,D+,3
847,30,10,8,3.015234895,0,1,0,0,0,0,D+,3
849,56,10,8,3.021362256,0,1,0,0,0,0,D+,3
248,18,10,10,76.38831832,0,0,1,0,0,0,C,5
869,33,10,4,2.882170587,0,1,0,0,0,0,C,3
734,71,10,7,5.42831438,0,1,0,0,0,0,D+,6
929,43,10,9,5.771459737,0,1,0,0,0,0,C-,3
928,56,10,10,5.801338926,0,1,0,0,0,0,C-,3
558,38,10,4,6.60424498,0,1,0,0,0,0,C-,4
118,32,10,5,16.29465178,0,0,0,0,1,0,C-,5
144,68,10,7,63.92582373,1,0,0,0,0,0,C+,5
207,41,10,7,153.7322267,0,0,0,1,0,0,E,1
255,38,10,8,76.37265421,1,0,0,0,0,0,C,5
258,48,10,10,76.46714731,0,1,0,0,0,0,D+,5
490,29,10,10,7.787574228,0,1,0,0,0,0,A/B,4
458,29,10,7,5.814325766,0,1,0,0,0,0,C+,6
534,68,10,7,6.463237325,0,1,0,0,0,0,A/B,6
244,29,10,10,76.41545713,0,1,0,0,0,0,C,5
287,80,10,10,178.6438728,0,1,0,0,0,0,N/D,1
621,28,10,5,5.325202745,0,1,0,0,0,0,C,6
609,50,10,6,5.438160794,0,1,0,0,0,0,A/B,6
599,80,10,1,5.299852203,0,1,0,0,0,0,C-,6
447,74,10,8,4.979234516,0,1,0,0,0,0,C-,6
446,25,10,7,4.926842226,0,1,0,0,0,0,C-,6
574,19,10,4,5.168556172,1,0,0,0,0,0,A/B,4
726,39,10,6,5.361154937,0,1,0,0,0,0,C-,6
729,24,10,7,5.427024149,0,1,0,0,0,0,C,6
297,45,10,8,91.39617664,0,1,0,0,0,0,D+,5
757,19,10,7,6.250187132,1,0,0,0,0,0,D+,3
519,59,10,7,8.249257722,1,0,0,0,0,0,A/B,4
10,38,10,1,35.23202004,0,1,0,0,0,0,C,2
516,45,10,6,8.19325771,0,1,0,0,0,0,A/B,4
518,55,10,10,8.176796281,1,0,0,0,0,0,C+,4
521,33,10,5,8.20333001,1,0,0,0,0,0,A/B,4
646,25,10,8,11.69400786,1,0,0,0,0,0,C+,4
660,36,10,9,11.6933475,0,1,0,0,0,0,A/B,4
93,48,10,1,37.46773119,1,0,0,0,0,0,C-,2
674,35,10,5,11.76244001,0,0,0,1,0,0,A/B,4
667,72,10,6,11.81884774,0,1,0,0,0,0,C+,4
538,36,10,10,9.986001354,0,1,0,0,0,0,D+,4
158,56,10,10,64.01311514,0,1,0,0,0,0,C+,5
191,74,10,3,153.5653463,0,1,0,0,0,0,E,1
560,23,10,7,9.030121185,0,1,0,0,0,0,C-,4
292,70,10,9,91.30066993,1,0,0,0,0,0,C,5
917,40,10,2,7.218833496,0,1,0,0,0,0,C-,3
915,37,10,1,7.219996199,0,1,0,0,0,0,C-,3
468,62,10,6,9.889494027,0,0,1,0,0,0,E,4
502,30,10,10,7.601662742,0,1,0,0,0,0,A/B,4
699,60,10,1,12.68729521,0,0,0,1,0,0,A/B,4
688,43,10,10,12.86621209,0,1,0,0,0,0,C,4
698,26,10,10,12.77610768,0,0,0,1,0,0,C+,4
694,44,10,5,12.90379477,1,0,0,0,0,0,C,4
700,33,10,7,12.77270035,0,1,0,0,0,0,C+,4
695,55,10,1,12.90178862,0,1,0,0,0,0,C,4
832,42,10,10,10.24823518,0,1,0,0,0,0,N/D,4
470,41,10,7,9.973977784,0,1,0,0,0,0,E,4
513,42,10,10,11.13551214,1,0,0,0,0,0,C,4
845,43,10,9,10.39128863,0,1,0,0,0,0,C+,4
846,29,10,6,10.39168164,0,1,0,0,0,0,C+,4
833,40,10,10,10.20740304,1,0,0,0,0,0,C+,4
811,61,10,8,10.63723064,0,0,0,1,0,0,D+,4
804,55,10,10,10.84402455,0,1,0,0,0,0,A/B,4
802,77,10,10,10.84528839,0,0,1,0,0,0,A/B,4
682,38,10,8,11.78575695,0,1,0,0,0,0,N/D,4
681,42,10,5,11.77646235,0,1,0,0,0,0,N/D,4
500,25,10,5,11.72967051,0,1,0,0,0,0,N/D,4
872,50,10,4,12.56979377,0,0,0,1,0,0,N/D,4
873,62,10,5,12.58686544,0,0,0,1,0,0,N/D,4
883,65,10,8,12.58686544,0,1,0,0,0,0,N/D,4
895,79,10,10,12.64134192,0,0,1,0,0,0,N/D,4
572,40,10,5,5.182092025,0,1,0,0,0,0,N/D,4
806,35,10,6,8.104159796,0,1,0,0,0,0,N/D,3
296,21,7,7,178.8128283,0,1,0,0,0,0,D+,1
126,52,7,8,16.32005151,0,1,0,0,0,0,C-,5
163,33,8,9,16.46037148,0,0,0,0,1,0,C,5
184,64,8,7,153.3430365,0,0,1,0,0,0,E,1
444,67,8,8,7.055907354,1,0,0,0,0,0,D+,6
445,47,6,7,7.053450593,1,0,0,0,0,0,D+,6
265,36,1,9,76.41092886,1,0,0,0,0,0,D+,5
552,55,5,10,4.896021026,1,0,0,0,0,0,C+,4
649,61,9,1,3.99209118,0,1,0,0,0,0,C+,6
650,45,8,8,4.057153445,0,1,0,0,0,0,C+,6
628,72,8,1,6.194122915,1,0,0,0,0,0,D+,3
618,55,9,8,6.157329868,1,0,0,0,0,0,D+,3
905,45,7,10,5.578816782,1,0,0,0,0,0,A/B,4
898,73,1,7,5.608535179,0,0,0,1,0,0,A/B,4
899,28,5,8,5.797553147,1,0,0,0,0,0,C+,4
900,59,1,3,5.826668352,0,0,0,1,0,0,C+,4
546,70,5,8,5.964669329,1,0,0,0,0,0,A/B,4
92,23,8,8,37.4151536,1,0,0,0,0,0,C-,2
568,59,7,9,6.434606258,1,0,0,0,0,0,C+,4
543,68,5,8,5.910215047,1,0,0,0,0,0,C+,4
127,20,9,7,16.37913759,0,1,0,0,0,0,C-,5
145,54,9,7,63.9273502,0,0,0,1,0,0,C+,5
656,72,8,6,5.14693986,0,0,0,1,0,0,C,6
192,18,8,5,153.5625821,0,1,0,0,0,0,E,1
218,48,5,5,153.6145118,0,0,1,0,0,0,E,1
844,35,9,4,3.003851253,0,1,0,0,0,0,D+,3
249,62,6,9,76.36407295,1,0,0,0,0,0,C,5
862,73,5,10,2.88776909,1,0,0,0,0,0,C,3
254,25,8,8,76.37834919,0,1,0,0,0,0,C,5
268,41,6,10,178.6557253,1,0,0,0,0,0,N/D,1
456,63,6,10,5.832049685,1,0,0,0,0,0,C+,6
865,44,4,10,8.049562801,1,0,0,0,0,0,C,4
859,33,7,8,8.169297001,0,0,1,0,0,0,C,4
866,48,3,6,8.072526929,0,0,1,0,0,0,C,4
443,29,8,10,7.05034305,1,0,0,0,0,0,N/D,6
512,33,7,7,6.372536087,1,0,0,0,0,0,A/B,4
121,38,8,9,16.21148105,1,0,0,0,0,0,C-,5
533,58,7,1,6.716261715,0,0,1,0,0,0,A/B,6
530,42,5,1,6.781130561,0,0,1,0,0,0,C-,6
528,38,8,9,6.777395971,1,0,0,0,0,0,C-,6
529,28,5,1,6.776429048,0,0,1,0,0,0,C-,6
531,42,7,4,6.814111335,0,0,1,0,0,0,C-,6
259,70,9,8,76.45385686,0,1,0,0,0,0,D+,5
131,52,8,5,16.32871092,0,0,0,1,0,0,C-,5
459,49,9,8,5.980707118,0,1,0,0,0,0,C+,6
460,38,7,10,6.018851623,1,0,0,0,0,0,C-,6
462,57,2,8,6.002187271,1,0,0,0,0,0,C-,6
288,50,9,7,178.6438953,0,1,0,0,0,0,N/D,1
605,19,9,8,5.4370526,0,0,1,0,0,0,A/B,6
603,46,9,6,5.29188697,0,1,0,0,0,0,C+,6
622,72,6,8,5.291517367,1,0,0,0,0,0,C,6
619,61,7,8,5.231149281,1,0,0,0,0,0,C+,6
483,77,7,7,6.247914264,1,0,0,0,0,0,A/B,4
485,61,8,6,6.239461552,0,0,1,0,0,0,A/B,4
486,99,8,7,6.240496428,1,0,0,0,0,0,A/B,4
205,52,9,10,153.5248079,1,0,0,0,0,0,E,1
308,50,5,9,91.26849514,1,0,0,0,0,0,C,5
9,99,9,9,35.23542883,1,0,0,0,0,0,C,2
675,22,7,8,11.68441437,1,0,0,0,0,0,C+,4
651,22,9,9,11.73788088,1,0,0,0,0,0,C-,4
652,27,8,10,11.74655174,0,0,1,0,0,0,C,4
680,36,8,8,11.7393846,0,1,0,0,0,0,C,4
659,25,8,7,11.73855792,0,1,0,0,0,0,C,4
670,29,8,9,11.73875534,1,0,0,0,0,0,C,4
679,48,9,9,11.76118282,0,0,0,0,0,1,C,4
678,35,7,7,11.75936261,0,0,1,0,0,0,C,4
549,40,7,9,9.820413421,1,0,0,0,0,0,C,4
137,36,9,10,16.33024023,0,1,0,0,0,0,C-,5
541,53,9,8,9.948292859,0,1,0,0,0,0,D+,4
551,62,9,8,9.902148287,0,0,0,1,0,0,D+,4
561,31,9,9,8.983648929,0,1,0,0,0,0,C-,4
564,36,3,7,9.162598958,0,0,0,1,0,0,C,4
565,46,9,9,9.157332215,0,1,0,0,0,0,C,4
582,39,9,7,7.389747225,0,0,1,0,0,0,C+,4
589,21,8,7,7.74302742,1,0,0,0,0,0,C-,4
918,25,9,10,7.182743093,0,1,0,0,0,0,C-,3
916,22,9,1,7.186242333,0,1,0,0,0,0,C-,3
501,30,8,9,7.586789811,0,1,0,0,0,0,A/B,4
685,70,8,9,12.90129745,0,0,1,0,0,0,C,4
689,49,9,5,12.90489394,1,0,0,0,0,0,C,4
696,62,1,5,12.78142431,1,0,0,0,0,0,A/B,4
686,35,5,9,12.83416202,1,0,0,0,0,0,C+,4
693,70,5,5,12.89921136,0,0,0,1,0,0,C,4
724,29,7,7,12.84902697,0,0,0,0,1,0,C,4
725,27,4,8,12.84545203,1,0,0,0,0,0,C,4
723,23,9,1,12.83399758,0,0,1,0,0,0,C,4
808,32,9,8,8.078734963,0,1,0,0,0,0,N/D,3
514,39,4,9,11.13819189,1,0,0,0,0,0,D+,4
842,40,5,5,10.39923394,0,0,0,1,0,0,C+,4
499,58,7,7,11.63761743,1,0,0,0,0,0,N/D,4
669,48,1,5,11.81868282,0,0,0,1,0,0,N/D,4
614,67,9,5,6.085895376,0,1,0,0,0,0,N/D,3
828,20,9,9,10.180445,0,1,0,0,0,0,N/D,4
835,40,4,8,10.29510689,1,0,0,0,0,0,N/D,4
593,99,8,8,7.67380533,0,0,0,1,0,0,N/D,4
658,45,1,10,11.82248564,1,0,0,0,0,0,N/D,4
805,25,7,8,8.13179816,0,1,0,0,0,0,N/D,3
809,34,7,7,8.119522103,1,0,0,0,0,0,N/D,3
492,56,1,8,11.71586982,1,0,0,0,0,0,N/D,4
665,26,7,6,11.82713816,0,0,0,1,0,0,N/D,4
807,48,6,10,8.145732846,1,0,0,0,0,0,N/D,3
812,34,8,8,8.08955396,0,0,1,0,0,0,N/D,3
841,36,7,8,10.19662022,1,0,0,0,0,0,N/D,4
836,49,1,10,10.28091804,1,0,0,0,0,0,N/D,4
838,70,1,1,10.24942933,0,0,1,0,0,0,N/D,4
239,18,9,8,153.6455813,0,0,0,0,1,0,D,1
416,48,8,10,8.096673286,0,0,0,0,0,1,D,6
278,20,9,8,178.7011134,0,0,0,1,0,0,D,1
64,56,9,5,26.81855233,0,0,0,1,0,0,D,5
108,57,7,7,16.42067461,0,0,0,1,0,0,D,5
819,57,5,5,7.848762514,0,0,0,1,0,0,D,3
753,24,3,6,6.190790153,0,0,0,1,0,0,D,3
912,44,9,10,7.832001817,0,0,0,1,0,0,D,3
466,78,9,10,9.755524583,0,0,0,1,0,0,D,4
747,68,6,5,15.6714547,0,0,0,1,0,0,D,4
875,33,1,9,12.4549644,0,0,0,1,0,0,D,4
17,62,9,9,26.63207474,0,1,0,0,0,0,D,5
270,18,8,8,178.7031414,0,1,0,0,0,0,D,1
294,20,8,5,178.7248876,0,0,1,0,0,0,D,1
27,75,6,3,35.15138967,0,1,0,0,0,0,D,2
1,72,9,7,26.62145737,1,0,0,0,0,0,D,5
38,73,8,6,35.24673404,0,1,0,0,0,0,D,2
18,21,7,9,26.63433943,0,1,0,0,0,0,D,5
76,39,8,8,26.62406303,1,0,0,0,0,0,D,5
72,26,5,9,26.85816038,0,0,1,0,0,0,D,5
80,22,8,8,37.36417167,0,1,0,0,0,0,D,2
431,36,9,9,7.036561177,0,0,1,0,0,0,D,6
405,32,9,8,7.051003017,1,0,0,0,0,0,D,6
189,25,9,9,153.5703023,0,1,0,0,0,0,D,1
427,30,9,9,6.910761466,1,0,0,0,0,0,D,6
241,48,5,8,76.36330219,0,1,0,0,0,0,D,5
415,44,9,9,8.070603785,0,0,1,0,0,0,D,6
413,54,6,8,7.887899773,1,0,0,0,0,0,D,6
434,64,9,8,8.048794104,0,1,0,0,0,0,D,6
303,41,9,9,91.43384998,1,0,0,0,0,0,D,5
313,75,5,7,91.33476169,0,1,0,0,0,0,D,5
315,40,1,6,91.26366514,1,0,0,0,0,0,D,5
341,52,7,5,151.7289559,1,0,0,0,0,0,D,1
342,38,9,9,151.7305938,0,1,0,0,0,0,D,1
362,37,9,9,151.9443009,0,1,0,0,0,0,D,1
648,50,4,3,4.129033709,1,0,0,0,0,0,D,6
684,21,7,5,4.393807802,0,0,1,0,0,0,D,6
627,55,8,8,5.986200037,1,0,0,0,0,0,D,3
114,52,8,8,37.31340581,0,1,0,0,0,0,D,2
129,30,8,8,16.42194968,0,1,0,0,0,0,D,5
178,58,8,8,63.91190201,0,1,0,0,0,0,D,5
194,58,8,8,153.710159,1,0,0,0,0,0,D,1
864,22,8,7,2.905998311,0,0,1,0,0,0,D,3
813,34,6,6,7.840841678,0,0,1,0,0,0,D,3
817,39,9,3,7.77790844,0,0,1,0,0,0,D,3
311,49,9,10,91.4544983,1,0,0,0,0,0,D,5
337,83,7,8,152.0721362,0,0,1,0,0,0,D,1
771,24,8,9,8.260794909,0,1,0,0,0,0,D,3
355,29,9,7,151.7612005,0,1,0,0,0,0,D,1
151,31,1,5,64.85264891,0,0,1,0,0,0,D,5
177,59,9,8,64.85708968,0,0,1,0,0,0,D,5
504,30,9,9,7.770948764,0,0,1,0,0,0,D,4
506,32,1,5,7.728047422,1,0,0,0,0,0,D,4
515,35,5,8,7.774816931,1,0,0,0,0,0,D,4
874,18,7,7,3.076459029,0,1,0,0,0,0,D,3
208,50,8,8,153.23168,1,0,0,0,0,0,D,1
220,27,9,6,153.6665506,0,1,0,0,0,0,D,1
794,45,8,5,8.20356522,0,0,1,0,0,0,D,3
44,58,6,1,35.18672771,0,0,1,0,0,0,D,2
219,20,6,7,153.7005409,1,0,0,0,0,0,D,1
347,29,9,9,151.9355701,1,0,0,0,0,0,D,1
371,44,9,4,151.6997564,0,1,0,0,0,0,D,1
750,36,9,1,6.223729995,0,1,0,0,0,0,D,3
580,54,1,1,4.705719697,1,0,0,0,0,0,D,4
104,60,5,8,16.18459928,1,0,0,0,0,0,D,5
125,47,8,9,16.24314512,0,1,0,0,0,0,D,5
134,48,1,9,16.19377596,1,0,0,0,0,0,D,5
135,45,1,9,16.26581351,1,0,0,0,0,0,D,5
154,38,1,8,63.91734759,1,0,0,0,0,0,D,5
540,35,8,8,9.763656112,0,0,1,0,0,0,D,4
246,62,9,9,76.35450847,1,0,0,0,0,0,D,5
776,70,5,10,8.228537256,1,0,0,0,0,0,D,3
376,48,8,10,152.03441,1,0,0,0,0,0,D,1
377,59,9,7,152.0546546,0,1,0,0,0,0,D,1
657,36,9,7,5.126289585,0,1,0,0,0,0,D,6
796,38,1,8,8.221962896,1,0,0,0,0,0,D,3
797,19,8,7,8.320237657,0,1,0,0,0,0,D,3
785,22,8,8,8.302524202,1,0,0,0,0,0,D,3
463,81,8,8,9.897160724,1,0,0,0,0,0,D,4
482,55,8,8,10.07962821,0,0,1,0,0,0,D,4
744,23,6,5,15.66668129,0,0,1,0,0,0,D,4
876,36,5,5,12.4218386,0,0,1,0,0,0,D,4
892,20,8,9,12.56913251,0,0,1,0,0,0,D,4
770,50,8,9,11.1712817,0,1,0,0,0,0,D,4
271,33,9,8,178.6888637,1,0,0,0,0,0,N/D,1
272,54,9,10,178.6922799,1,0,0,0,0,0,N/D,1
71,45,5,10,26.73586024,0,0,1,0,0,0,E,5
155,40,3,7,63.92206649,1,0,0,0,0,0,C+,5
290,18,9,9,178.6666828,1,0,0,0,0,0,N/D,1
319,70,9,10,91.13004135,1,0,0,0,0,0,E,5
855,77,1,1,2.162764517,0,1,0,0,0,0,C-,3
705,28,7,1,4.378869189,0,0,0,1,0,0,D+,6
81,55,7,9,16.24498427,0,0,1,0,0,0,C-,5
97,65,9,9,37.38601831,1,0,0,0,0,0,C-,2
634,61,6,10,4.722492568,1,0,0,0,0,0,C-,6
119,59,7,8,16.24427975,0,0,1,0,0,0,C-,5
130,73,8,9,16.45636173,1,0,0,0,0,0,C,5
653,35,9,9,5.229627498,0,1,0,0,0,0,C,6
654,50,8,7,5.188855948,1,0,0,0,0,0,C,6
861,26,8,8,2.891905262,0,1,0,0,0,0,C,3
250,69,8,10,76.3772624,1,0,0,0,0,0,C,5
839,54,9,5,3.081169106,0,0,0,1,0,0,C+,3
256,18,8,6,76.59881658,0,1,0,0,0,0,D+,5
283,51,8,7,178.6772982,1,0,0,0,0,0,N/D,1
732,38,9,9,5.427762006,0,1,0,0,0,0,C,6
727,22,9,8,5.339648092,0,1,0,0,0,0,C-,6
923,30,8,1,5.785168535,0,1,0,0,0,0,C-,3
84,42,8,9,16.23254644,0,0,1,0,0,0,C-,5
105,20,8,7,16.33889869,0,0,0,0,1,0,C-,5
120,42,8,8,16.23494699,0,0,0,1,0,0,C-,5
524,49,8,4,6.652110175,0,0,1,0,0,0,A/B,6
525,36,1,9,6.675787765,1,0,0,0,0,0,A/B,6
280,31,7,4,178.6702778,0,0,0,1,0,0,N/D,1
33,69,6,9,35.14061247,1,0,0,0,0,0,C-,2
461,47,9,7,6.019410637,0,1,0,0,0,0,C-,6
457,56,3,3,5.838825729,1,0,0,0,0,0,C+,6
711,30,8,10,5.728132911,1,0,0,0,0,0,C-,6
604,35,8,8,5.378842743,1,0,0,0,0,0,C,6
361,42,8,8,152.2429767,0,1,0,0,0,0,D+,1
620,22,8,7,5.276902211,0,1,0,0,0,0,C,6
442,54,7,5,7.046976647,0,1,0,0,0,0,N/D,6
625,53,6,9,5.286800146,1,0,0,0,0,0,C,6
608,38,8,4,5.424293322,0,0,1,0,0,0,A/B,6
623,45,5,5,5.315963501,0,1,0,0,0,0,C-,6
103,74,4,10,16.19627211,1,0,0,0,0,0,C-,5
624,24,6,4,5.315963501,0,1,0,0,0,0,C-,6
597,68,6,10,5.227530712,1,0,0,0,0,0,C+,6
206,23,8,7,153.8548801,1,0,0,0,0,0,D+,1
277,62,6,10,178.6871356,1,0,0,0,0,0,N/D,1
728,40,8,8,5.420784519,1,0,0,0,0,0,C,6
133,28,2,9,16.28737662,1,0,0,0,0,0,C-,5
136,53,5,5,16.33034863,1,0,0,0,0,0,C-,5
156,47,1,10,64.02351886,1,0,0,0,0,0,C+,5
257,18,8,7,76.56043505,0,1,0,0,0,0,D+,5
613,99,7,5,6.077833084,0,1,0,0,0,0,N/D,3
616,24,9,9,6.08531832,0,0,1,0,0,0,N/D,3
554,29,6,5,4.867615373,0,1,0,0,0,0,C+,4
901,18,7,8,5.648756285,0,0,0,1,0,0,C,4
908,42,9,8,5.732619585,0,0,1,0,0,0,C,4
909,24,7,7,5.662782899,1,0,0,0,0,0,C,4
896,30,9,9,5.493995025,0,0,1,0,0,0,C-,4
906,25,7,9,5.539759003,0,0,0,1,0,0,A/B,4
544,51,6,9,5.983027255,1,0,0,0,0,0,C+,4
545,72,7,10,6.019593221,1,0,0,0,0,0,C+,4
569,57,5,7,6.42166316,0,0,1,0,0,0,A/B,4
570,57,8,8,6.422343493,0,0,1,0,0,0,A/B,4
472,60,7,10,7.017542343,1,0,0,0,0,0,A/B,4
473,59,1,9,7.007453699,1,0,0,0,0,0,A/B,4
474,41,8,6,6.963988407,0,0,1,0,0,0,A/B,4
476,37,6,10,6.882737721,1,0,0,0,0,0,C+,4
478,75,6,9,6.861816367,1,0,0,0,0,0,C+,4
493,55,7,9,6.841770196,1,0,0,0,0,0,C+,4
495,51,1,10,6.818309634,1,0,0,0,0,0,C+,4
496,68,5,8,6.778603864,1,0,0,0,0,0,C+,4
494,40,6,9,6.68525209,1,0,0,0,0,0,C+,4
557,47,4,10,6.611060147,1,0,0,0,0,0,C-,4
559,78,7,10,6.591835098,1,0,0,0,0,0,C+,4
487,61,8,8,6.301667871,0,0,1,0,0,0,A/B,4
488,53,1,8,6.299060078,1,0,0,0,0,0,A/B,4
567,43,8,8,5.204710644,0,0,1,0,0,0,C+,4
672,48,5,9,11.57498839,1,0,0,0,0,0,C+,4
676,32,8,8,11.58507219,0,0,0,1,0,0,C+,4
673,40,3,8,11.58402783,1,0,0,0,0,0,C+,4
671,36,3,8,11.69169929,1,0,0,0,0,0,C+,4
661,80,1,10,11.687488,1,0,0,0,0,0,A/B,4
668,48,5,8,11.82170153,1,0,0,0,0,0,A/B,4
666,57,1,1,11.82583355,0,0,0,1,0,0,A/B,4
677,70,8,8,11.78830119,0,0,1,0,0,0,C,4
547,53,8,10,9.795660464,1,0,0,0,0,0,C,4
548,48,7,10,9.803391858,1,0,0,0,0,0,C,4
539,38,9,9,9.929541104,0,1,0,0,0,0,D+,4
542,31,1,9,9.953459677,1,0,0,0,0,0,D+,4
571,29,8,7,9.001227022,0,1,0,0,0,0,C-,4
566,45,5,7,9.137512865,1,0,0,0,0,0,C,4
584,72,8,7,8.173261929,0,1,0,0,0,0,C,4
590,25,9,9,7.828709455,0,1,0,0,0,0,C,4
592,54,4,9,7.690337508,1,0,0,0,0,0,D+,4
586,45,7,7,7.253898964,0,0,0,1,0,0,C+,4
588,69,6,6,7.242754581,0,0,1,0,0,0,C+,4
585,39,3,9,7.143700457,1,0,0,0,0,0,C+,4
583,22,8,9,7.356847312,0,1,0,0,0,0,C,4
577,19,9,9,7.371390115,0,1,0,0,0,0,C,4
509,21,9,9,11.14087092,1,0,0,0,0,0,D+,4
704,21,9,8,12.62345012,1,0,0,0,0,0,C+,4
697,58,9,9,12.7287995,0,1,0,0,0,0,C,4
687,29,9,10,12.84694349,0,1,0,0,0,0,C,4
708,32,1,9,12.71209741,0,0,0,1,0,0,C,4
709,28,3,8,12.73398224,1,0,0,0,0,0,A/B,4
710,50,8,8,12.75574759,0,1,0,0,0,0,C+,4
831,38,9,10,10.24752614,0,1,0,0,0,0,N/D,4
508,19,8,8,11.14921415,0,0,0,1,0,0,C+,4
491,36,4,8,11.72918812,0,0,0,1,0,0,N/D,4
837,52,1,6,10.35885376,0,0,0,1,0,0,C+,4
800,75,7,5,10.7923089,0,0,1,0,0,0,A/B,4
803,41,8,7,10.82989241,0,1,0,0,0,0,A/B,4
880,67,9,9,12.53505245,1,0,0,0,0,0,N/D,4
881,32,8,8,12.59330474,0,1,0,0,0,0,N/D,4
498,22,9,8,11.73209291,0,0,1,0,0,0,N/D,4
829,38,9,7,10.288668,1,0,0,0,0,0,N/D,4
894,28,9,7,12.63615834,1,0,0,0,0,0,N/D,4
5,60,9,7,35.18150844,0,1,0,0,0,0,D,2
16,43,7,10,26.62659828,1,0,0,0,0,0,D,5
269,19,5,8,178.6951625,1,0,0,0,0,0,D,1
37,30,8,7,35.2643311,0,1,0,0,0,0,D,2
6,60,9,8,26.62214493,0,1,0,0,0,0,D,5
15,71,9,8,26.62214493,1,0,0,0,0,0,D,5
75,61,7,9,26.62138537,1,0,0,0,0,0,D,5
77,69,9,1,26.61671725,0,1,0,0,0,0,D,5
59,67,9,8,35.24502158,0,1,0,0,0,0,D,2
73,36,1,10,26.81735675,1,0,0,0,0,0,D,5
66,24,8,10,26.79994009,0,1,0,0,0,0,D,5
117,33,9,6,16.20257819,0,0,0,1,0,0,D,5
65,75,9,8,26.81287427,0,1,0,0,0,0,D,5
63,29,8,8,26.80978134,0,0,1,0,0,0,D,5
157,58,7,7,153.2971476,0,1,0,0,0,0,D,1
430,36,9,9,7.043062165,0,0,1,0,0,0,D,6
388,38,5,10,7.069313145,1,0,0,0,0,0,D,6
392,64,9,10,7.025141783,0,0,1,0,0,0,D,6
425,64,9,10,7.024656907,1,0,0,0,0,0,D,6
401,28,8,8,7.090338594,0,0,1,0,0,0,D,6
188,27,9,10,153.2752894,0,1,0,0,0,0,D,1
403,35,8,8,7.090338594,1,0,0,0,0,0,D,6
424,55,8,7,7.090000684,1,0,0,0,0,0,D,6
404,37,8,5,7.086829995,0,1,0,0,0,0,D,6
396,30,9,9,6.91787719,1,0,0,0,0,0,D,6
399,36,8,8,6.984058931,1,0,0,0,0,0,D,6
429,38,9,8,6.982680515,1,0,0,0,0,0,D,6
235,42,9,9,153.3208835,0,1,0,0,0,0,D,1
398,46.62189616,8,8,6.979166258,0,0,1,0,0,0,D,6
428,36,8,8,6.974723213,0,0,1,0,0,0,D,6
423,25,6,10,7.898558478,1,0,0,0,0,0,D,6
267,48,1,8,76.76715689,1,0,0,0,0,0,D,5
414,36,4,7,7.897411167,0,0,1,0,0,0,D,6
435,54,9,8,8.067906704,1,0,0,0,0,0,D,6
330,60,9,5,151.908978,1,0,0,0,0,0,D,1
420,30,8,1,8.205760457,0,1,0,0,0,0,D,6
409,34,8,8,7.984336269,1,0,0,0,0,0,D,6
344,36,8,8,151.6990786,0,0,0,1,0,0,D,1
358,55,8,9,152.1164001,1,0,0,0,0,0,D,1
852,34,9,9,2.160060836,0,1,0,0,0,0,D,3
691,40,9,9,5.08765727,1,0,0,0,0,0,D,6
600,21,8,8,6.071331498,0,0,0,1,0,0,D,3
601,26,8,9,6.066779596,0,1,0,0,0,0,D,3
4,51,8,7,35.18686218,0,0,1,0,0,0,D,2
629,32,8,7,5.972587968,0,0,0,1,0,0,D,3
47,40,8,6,35.16866221,0,0,1,0,0,0,D,2
58,18,7,1,35.20688855,0,0,0,1,0,0,D,2
107,73,8,8,16.41482173,0,0,0,0,0,1,D,5
141,31,9,9,16.19664947,0,0,1,0,0,0,D,5
644,40,9,9,5.432734341,0,0,1,0,0,0,D,6
642,32,9,10,5.375318422,1,0,0,0,0,0,D,6
199,42,9,8,153.26143,1,0,0,0,0,0,D,1
717,36,9,5,4.674849068,0,1,0,0,0,0,D,6
233,65,9,9,153.4199793,1,0,0,0,0,0,D,1
238,86,9,9,153.6507605,0,1,0,0,0,0,D,1
455,45,3,10,5.750272284,1,0,0,0,0,0,D,6
301,54,9,5,91.27779138,1,0,0,0,0,0,D,5
822,28,8,1,7.831819302,0,0,0,1,0,0,D,3
823,49,9,9,7.767190225,0,1,0,0,0,0,D,3
815,44,7,10,7.792578084,1,0,0,0,0,0,D,3
818,56,9,10,7.830560877,0,0,1,0,0,0,D,3
343,50,9,8,151.6974762,0,0,1,0,0,0,D,1
359,53,8,7,152.1123354,1,0,0,0,0,0,D,1
369,50,9,8,152.1311447,1,0,0,0,0,0,D,1
381,58,5,8,91.252372,1,0,0,0,0,0,D,5
170,31,1,6,64.85407338,0,0,1,0,0,0,D,5
175,65,9,7,64.75169623,0,1,0,0,0,0,D,5
489,35,8,9,7.778297896,0,0,0,1,0,0,D,4
505,30,9,7,7.711242064,0,1,0,0,0,0,D,4
522,39,6,9,7.701686277,1,0,0,0,0,0,D,4
36,45,9,9,35.28347776,0,1,0,0,0,0,D,2
922,59,9,9,6.348643232,0,1,0,0,0,0,D,3
61,59,6,10,35.29893702,1,0,0,0,0,0,D,2
742,19,5,10,5.766592931,1,0,0,0,0,0,D,3
350,21,9,9,152.1248524,0,1,0,0,0,0,D,1
8,42,8,6,35.2202822,0,1,0,0,0,0,D,2
41,57,1,8,35.17126455,1,0,0,0,0,0,D,2
57,42,8,1,35.17252831,0,0,0,1,0,0,D,2
454,35,9,8,4.916960997,0,1,0,0,0,0,D,6
284,25,8,8,153.4514064,1,0,0,0,0,0,D,1
307,42,7,8,91.34082459,1,0,0,0,0,0,D,5
754,30,8,8,6.122253414,0,1,0,0,0,0,D,3
759,62,8,7,6.104449035,0,0,1,0,0,0,D,3
367,35,8,8,152.1727691,1,0,0,0,0,0,D,1
763,44,8,7,6.167833577,0,0,1,0,0,0,D,3
374,43,9,7,151.8106859,0,1,0,0,0,0,D,1
761,56,9,8,6.221866779,0,1,0,0,0,0,D,3
581,24,8,8,4.693759852,0,1,0,0,0,0,D,4
13,55,5,5,35.23075879,0,1,0,0,0,0,D,2
227,18,8,10,153.2899221,0,1,0,0,0,0,D,1
266,44,1,6,76.66173382,0,0,0,1,0,0,D,5
306,63,9,9,91.42845209,1,0,0,0,0,0,D,5
310,30,8,9,91.44463974,1,0,0,0,0,0,D,5
316,31,5,6,91.19608497,1,0,0,0,0,0,D,5
318,19,1,8,91.15727369,1,0,0,0,0,0,D,5
777,25,8,7,8.223617835,1,0,0,0,0,0,D,3
782,33,8,7.240990991,8.211291521,0,0,0,1,0,0,D,3
783,52,8,8,8.282503645,0,1,0,0,0,0,D,3
766,30,8,7,8.31797525,0,1,0,0,0,0,D,3
910,23,8,9,7.807689348,1,0,0,0,0,0,D,3
913,40,9,7,7.806341801,0,0,0,1,0,0,D,3
927,38,6,6,7.258173336,0,0,1,0,0,0,D,3
760,27,5,1,15.53363252,0,0,0,1,0,0,D,4
798,46.62189616,9,7,8.356095979,0,0,1,0,0,0,D,3
788,48,7,10,8.320585298,1,0,0,0,0,0,D,3
480,28,9,8,10.01725113,0,0,0,1,0,0,D,4
507,33,9,7,11.10157206,0,0,0,1,0,0,D,4
471,39,5,3,9.688205937,0,1,0,0,0,0,D,4
801,64,1,9,10.79373527,0,0,0,1,0,0,D,4
746,62,8,9,15.61955155,1,0,0,0,0,0,D,4
768,29,7,8,11.14367389,0,0,0,1,0,0,D,4
893,55,8,1,12.58486616,0,0,1,0,0,0,D,4
778,53,1,7,11.16951253,1,0,0,0,0,0,D,4
902,26,10,5,5.567035746,0,0,0,1,0,0,C+,4
526,40,10,8,6.680299707,0,0,0,1,0,0,A/B,6
99,27,10,10,37.51612751,0,0,0,1,0,0,C-,2
563,62,10,10,9.206885055,0,0,0,1,0,0,C,4
245,24,10,10,76.41083133,0,0,1,0,0,0,C,5
860,59,10,9,8.177307028,0,0,1,0,0,0,C,4
527,53,10,5,6.689929668,0,0,1,0,0,0,A/B,6
90,29,10,7,37.44204177,0,0,1,0,0,0,C-,2
152,22,10,10,153.4139474,0,0,1,0,0,0,E,1
293,63,10,7,178.5933333,0,1,0,0,0,0,C-,1
2,36,10,10,35.16850335,0,1,0,0,0,0,C,2
289,67,10,5,178.5929988,0,1,0,0,0,0,C-,1
14,65,10,5,26.73586024,0,1,0,0,0,0,E,5
78,60,10,9,16.31223965,1,0,0,0,0,0,C-,5
111,25,10,10,37.37205947,0,1,0,0,0,0,C-,2
161,69,10,10,16.40346902,0,1,0,0,0,0,C-,5
167,65,10,8,64.02759406,0,1,0,0,0,0,C+,5
176,35,10,10,153.2893603,0,1,0,0,0,0,E,1
242,55,10,8,76.62227859,1,0,0,0,0,0,D+,5
282,29,10,7,178.6133601,0,1,0,0,0,0,N/D,1
314,80,10,5,91.28444069,1,0,0,0,0,0,D+,5
553,35,10,8,4.883132081,1,0,0,0,0,0,C+,4
366,48,10,6,152.1398846,0,1,0,0,0,0,D+,1
98,32,10,7,37.45774275,0,1,0,0,0,0,C-,2
112,24,10,8,37.46354529,0,1,0,0,0,0,C-,2
632,33,10,10,4.693770579,0,1,0,0,0,0,C-,6
631,51,10,1,4.749589296,0,1,0,0,0,0,C-,6
636,60,10,6,4.68582774,0,1,0,0,0,0,C-,6
662,58,10,3,5.146611551,0,1,0,0,0,0,D+,6
663,66,10,7,5.029323501,0,1,0,0,0,0,C,6
149,35,10,6,63.9290949,0,1,0,0,0,0,C+,5
655,68,10,1,5.163784992,0,1,0,0,0,0,C,6
182,30,10,10,153.4669919,1,0,0,0,0,0,E,1
183,29,10,10,153.4642019,1,0,0,0,0,0,E,1
718,22,10,1,4.709955731,0,1,0,0,0,0,D+,6
840,77,10,8,3.054903871,0,1,0,0,0,0,C-,3
843,36,10,5,3.054433367,0,1,0,0,0,0,C-,3
868,87,10,7,2.897769137,0,1,0,0,0,0,C,3
251,53,10,7,76.42299681,1,0,0,0,0,0,C,5
260,21,10,10,76.6404286,1,0,0,0,0,0,D+,5
452,62,10,1,5.667699884,0,1,0,0,0,0,C+,6
449,33,10,9,5.592348132,1,0,0,0,0,0,C,6
349,44,10,10,151.9711178,1,0,0,0,0,0,E,1
733,19,10,7,5.428939986,0,1,0,0,0,0,D+,6
722,52,10,5,5.417862674,0,1,0,0,0,0,D+,6
719,55,10,7,5.322868442,0,1,0,0,0,0,C+,6
720,45,10,5,5.318011896,1,0,0,0,0,0,C+,6
925,58,10,8,5.775854017,0,1,0,0,0,0,C-,3
475,65,10,6,6.92982233,0,1,0,0,0,0,A/B,4
441,68,10,8,7.052467739,0,1,0,0,0,0,N/D,6
497,72,10,6,6.777533682,0,1,0,0,0,0,C+,4
82,24,10,10,16.28230645,1,0,0,0,0,0,C-,5
555,69,10,8,6.753382791,0,1,0,0,0,0,C+,4
556,31,10,7,6.662717125,0,1,0,0,0,0,C+,4
511,19,10,9,6.368111618,1,0,0,0,0,0,A/B,4
523,28,10,10,7.682959895,0,1,0,0,0,0,C,4
224,82,10,8,153.2680517,0,1,0,0,0,0,E,1
225,85,10,5,153.2681144,0,1,0,0,0,0,E,1
247,32,10,6,76.41432093,0,1,0,0,0,0,C,5
274,25,10,9,91.34742597,1,0,0,0,0,0,D+,5
596,60,10,8,5.359646097,0,1,0,0,0,0,C,6
611,33,10,5,5.443837252,0,1,0,0,0,0,C,6
610,33,10,5,5.370210223,1,0,0,0,0,0,C,6
602,49,10,10,5.397975013,0,1,0,0,0,0,A/B,6
612,64,10,7,5.506404635,0,1,0,0,0,0,C,6
595,55,10,5,5.290084561,0,1,0,0,0,0,C+,6
607,55,10,4,5.354668281,0,1,0,0,0,0,A/B,6
598,27,10,7,5.205851755,0,1,0,0,0,0,C,6
484,45,10,7,6.233420742,0,1,0,0,0,0,A/B,4
453,67,10,10,4.928494876,1,0,0,0,0,0,C+,6
573,65,10,5,5.270536883,1,0,0,0,0,0,A/B,4
578,54,10,6,4.689264588,0,1,0,0,0,0,C-,4
520,25,10,7,8.20601806,0,1,0,0,0,0,A/B,4
517,35,10,5,8.19760275,1,0,0,0,0,0,A/B,4
86,60,10,7,16.24193415,1,0,0,0,0,0,C-,5
132,53,10,9,16.33918799,0,1,0,0,0,0,C-,5
535,43,10,8,9.820696022,0,1,0,0,0,0,D+,4
138,52,10,3,16.29115602,0,1,0,0,0,0,C-,5
562,30,10,7,9.218410735,0,1,0,0,0,0,C-,4
576,65,10,9,8.139671377,1,0,0,0,0,0,C+,4
276,41,10,8,91.35499641,0,1,0,0,0,0,D+,5
591,53,10,8,7.830804367,1,0,0,0,0,0,C-,4
810,70,10,8,8.086658409,0,1,0,0,0,0,N/D,3
503,37,10,10,7.621725927,0,1,0,0,0,0,A/B,4
712,29,10,7,12.6987055,0,1,0,0,0,0,A/B,4
827,46,10,1,10.23060037,0,1,0,0,0,0,N/D,4
834,42,10,7,10.19377212,0,1,0,0,0,0,C+,4
799,77,10,9,10.73621673,0,1,0,0,0,0,C,4
594,99,10,8,7.650705918,0,1,0,0,0,0,N/D,4
451,58,10,9,5.645179799,0,1,0,0,0,0,N/D,6
701,55,10,6,5.721242646,0,1,0,0,0,0,N/D,6
683,69,10,5,11.76806499,0,1,0,0,0,0,N/D,4
615,65,10,8,6.083310659,0,1,0,0,0,0,N/D,3
721,45,10,6,5.268215768,1,0,0,0,0,0,N/D,6
891,33,10,10,12.52824358,1,0,0,0,0,0,N/D,4
3,70,10,7,35.17075943,0,1,0,0,0,0,D,2
291,40,10,5,178.6492071,1,0,0,0,0,0,D,1
286,33,10,5,178.7988278,1,0,0,0,0,0,D,1
19,48,10,7,26.79770673,0,0,1,0,0,0,D,5
20,26,10,8,35.14791942,1,0,0,0,0,0,D,2
25,55,10,5,35.19644009,0,1,0,0,0,0,D,2
26,69,10,5,35.18412,0,1,0,0,0,0,D,2
32,55,10,8,35.19519591,0,1,0,0,0,0,D,2
285,25,10,6,178.7638194,0,1,0,0,0,0,D,1
35,36,10,10,35.22105198,0,1,0,0,0,0,D,2
62,21,10,10,26.86576823,0,1,0,0,0,0,D,5
45,36,10,1,35.17899871,0,0,1,0,0,0,D,2
51,66,10,5,35.16078544,0,1,0,0,0,0,D,2
74,61,10,10,26.77991219,1,0,0,0,0,0,D,5
102,33,10,6,37.50932352,1,0,0,0,0,0,D,2
54,69,10,8,26.8033262,0,1,0,0,0,0,D,5
113,33,10,9,37.23579776,0,1,0,0,0,0,D,2
159,75,10,5,16.39075849,0,1,0,0,0,0,D,5
160,27,10,7,16.40859925,0,1,0,0,0,0,D,5
406,21,10,10,7.084335842,1,0,0,0,0,0,D,6
166,27,10,10,63.98023777,0,1,0,0,0,0,D,5
402,48,10,10,7.090338594,0,1,0,0,0,0,D,6
400,31,10,10,7.084767252,0,1,0,0,0,0,D,6
210,65,10,5,153.8229327,0,1,0,0,0,0,D,1
213,63,10,5,153.8577452,0,1,0,0,0,0,D,1
215,33,10,4,153.7109832,0,1,0,0,0,0,D,1
426,70,10,8,6.972605338,0,1,0,0,0,0,D,6
263,50,10,8,76.70807635,0,1,0,0,0,0,D,5
418,52,10,10,8.128106845,0,0,1,0,0,0,D,6
422,44,10,8,8.231576973,1,0,0,0,0,0,D,6
433,34,10,8,8.049867637,0,1,0,0,0,0,D,6
298,20,10,10,91.40582976,0,0,0,1,0,0,D,5
299,53,10,10,91.32117824,1,0,0,0,0,0,D,5
395,68,10,10,7.855154029,0,1,0,0,0,0,D,6
309,30,10,6,91.44547538,0,0,1,0,0,0,D,5
384,40,10,10,8.024940417,1,0,0,0,0,0,D,6
312,30,10,8,91.3593344,0,1,0,0,0,0,D,5
382,44,10,10,8.025852184,1,0,0,0,0,0,D,6
389,35,10,10,8.021317116,1,0,0,0,0,0,D,6
411,67,10,10,7.853387542,0,1,0,0,0,0,D,6
317,45,10,8,91.18154684,0,1,0,0,0,0,D,5
320,34,10,2,91.14961038,0,1,0,0,0,0,D,5
417,36,10,10,8.120642866,0,1,0,0,0,0,D,6
391,40,10,10,8.023871317,1,0,0,0,0,0,D,6
328,38,10,8,152.0280055,0,1,0,0,0,0,D,1
394,66,10,10,8.020253415,1,0,0,0,0,0,D,6
385,57,10,10,8.026032595,1,0,0,0,0,0,D,6
387,56,10,10,8.026032595,1,0,0,0,0,0,D,6
345,50,10,10,151.6980873,0,0,0,1,0,0,D,1
438,29,10,10,8.093083594,0,1,0,0,0,0,D,6
856,49,10,8,2.167287366,0,1,0,0,0,0,D,3
368,72,10,9,152.2301819,0,1,0,0,0,0,D,1
857,72,10,6,2.167458544,0,1,0,0,0,0,D,3
372,70,10,8,151.693772,0,1,0,0,0,0,D,1
854,66,10,1,2.045961102,0,1,0,0,0,0,D,3
707,68,10,5,4.261879745,0,1,0,0,0,0,D,6
692,75,10,7,5.061541581,0,0,1,0,0,0,D,6
22,74,10,6,35.22262025,0,1,0,0,0,0,D,2
24,66,10,6,35.19874537,0,1,0,0,0,0,D,2
28,73,10,6,35.22167791,0,1,0,0,0,0,D,2
29,36,10,5,35.21614637,0,1,0,0,0,0,D,2
46,48,10,8,35.17020037,1,0,0,0,0,0,D,2
49,57,10,8,35.15383437,0,1,0,0,0,0,D,2
60,58,10,7,35.29893702,0,1,0,0,0,0,D,2
903,35,10,6,5.516325246,0,1,0,0,0,0,D,4
91,24,10,5,37.35927752,1,0,0,0,0,0,D,2
115,73,10,10,37.2350958,0,1,0,0,0,0,D,2
147,75,10,1,64.81589998,0,1,0,0,0,0,D,5
643,70,10,10,5.394836014,0,1,0,0,0,0,D,6
173,48,10,5,64.79342011,0,1,0,0,0,0,D,5
639,54,10,5,4.059299749,0,1,0,0,0,0,D,6
179,70,10,10,63.91889931,0,1,0,0,0,0,D,5
714,68,10,7,4.62857363,0,1,0,0,0,0,D,6
715,31,10,1,4.620072588,0,1,0,0,0,0,D,6
195,66,10,7,153.762327,0,1,0,0,0,0,D,1
202,19,10,10,153.3035352,0,1,0,0,0,0,D,1
231,18,10,10,153.5238303,1,0,0,0,0,0,D,1
234,68,10,9,153.3974546,0,0,1,0,0,0,D,1
321,28,10,9,151.9204865,1,0,0,0,0,0,D,1
814,61,10,10,7.799232112,0,1,0,0,0,0,D,3
816,72,10,5,7.804100757,0,1,0,0,0,0,D,3
825,45,10,7,7.84022998,0,1,0,0,0,0,D,3
346,38,10,8,151.6926933,0,0,1,0,0,0,D,1
826,40,10,7,7.857947603,0,1,0,0,0,0,D,3
914,50,10,10,7.745585968,0,1,0,0,0,0,D,3
353,60,10,7,151.8046358,1,0,0,0,0,0,D,1
360,45,10,10,152.2011364,0,0,0,1,0,0,D,1
924,35,10,1,5.807206117,1,0,0,0,0,0,D,3
23,79,10,6,35.20595503,0,1,0,0,0,0,D,2
83,48,10,8,37.28856566,1,0,0,0,0,0,D,2
87,45,10,9,37.23690367,0,0,1,0,0,0,D,2
100,48,10,10,37.37630441,1,0,0,0,0,0,D,2
31,42,10,8,35.20016437,0,1,0,0,0,0,D,2
48,30,10,1,35.16044202,0,1,0,0,0,0,D,2
882,89,10,5,2.974806143,0,1,0,0,0,0,D,3
50,73,10,6,35.16052345,0,1,0,0,0,0,D,2
890,60,10,5,2.967815334,0,1,0,0,0,0,D,3
56,80,10,7,35.17253211,1,0,0,0,0,0,D,2
201,35,10,10,153.2869708,0,1,0,0,0,0,D,1
226,34,10,7,153.2661641,0,1,0,0,0,0,D,1
229,60,10,7,153.2531386,0,1,0,0,0,0,D,1
230,80,10,8,153.2261629,0,1,0,0,0,0,D,1
232,70,10,10,153.2003477,0,1,0,0,0,0,D,1
739,46,10,6,5.763897186,0,1,0,0,0,0,D,3
243,56,10,10,76.64622781,0,1,0,0,0,0,D,5
713,23,10,10,5.719485609,1,0,0,0,0,0,D,3
786,60,10,6,8.222089836,0,1,0,0,0,0,D,3
333,41,10,7,151.879146,0,1,0,0,0,0,D,1
30,38,10,8,35.21095778,0,1,0,0,0,0,D,2
88,20,10,5,37.35834169,1,0,0,0,0,0,D,2
101,66,10,5,37.45219651,1,0,0,0,0,0,D,2
123,79,10,6,16.18984325,1,0,0,0,0,0,D,5
143,70,10,6,63.91721653,1,0,0,0,0,0,D,5
200,20,10,10,153.3175826,1,0,0,0,0,0,D,1
329,99,10,10,151.9138409,1,0,0,0,0,0,D,1
756,34,10,8,6.318279107,1,0,0,0,0,0,D,3
752,30,10,8,6.345268388,0,1,0,0,0,0,D,3
764,18,10,7,6.173340539,0,0,1,0,0,0,D,3
762,62,10,8,6.209557125,0,1,0,0,0,0,D,3
749,41,10,7,6.288131494,0,1,0,0,0,0,D,3
42,65,10,1,35.17843368,0,1,0,0,0,0,D,2
43,26,10,1,35.1781766,0,1,0,0,0,0,D,2
122,26,10,10,16.19893546,1,0,0,0,0,0,D,5
550,29,10,7,9.747555954,0,0,0,1,0,0,D,4
204,85,10,5,153.5665638,0,1,0,0,0,0,D,1
237,19,10,10,76.64200911,1,0,0,0,0,0,D,5
252,33,10,8,76.65374575,0,1,0,0,0,0,D,5
364,34,10,5,152.0776967,0,1,0,0,0,0,D,1
781,58,10,9,8.222567504,0,1,0,0,0,0,D,3
773,50,10,7,8.229400712,0,1,0,0,0,0,D,3
774,59,10,6,8.210415798,0,1,0,0,0,0,D,3
780,50,10,10,8.291402184,1,0,0,0,0,0,D,3
779,50,10,5,8.2615489,0,0,1,0,0,0,D,3
784,66,10,8,8.290861788,0,0,0,1,0,0,D,3
911,68,10,1,7.82958663,0,0,0,1,0,0,D,3
767,32,10,1,11.14252998,0,1,0,0,0,0,D,4
791,66,10,1,8.268412878,0,1,0,0,0,0,D,3
465,60,10,9,9.904138593,0,1,0,0,0,0,D,4
469,62,10,8,9.861881411,0,0,1,0,0,0,D,4
464,74,10,8,9.910028509,0,1,0,0,0,0,D,4
885,65,10,5,12.39967688,0,1,0,0,0,0,D,4
878,30,10,1,12.50599264,0,0,0,1,0,0,D,4
